# word	phonetic_uk	phonetic_us	part_of_speech	meaning
# 001-050: people, home, and everyday objects
person	/ˈpɜːsən/	/ˈpɜːrsən/	n.	人
family	/ˈfæməli/	/ˈfæməli/	n.	家庭
parent	/ˈpeərənt/	/ˈperənt/	n.	父亲或母亲
father	/ˈfɑːðə/	/ˈfɑːðər/	n.	父亲
mother	/ˈmʌðə/	/ˈmʌðər/	n.	母亲
brother	/ˈbrʌðə/	/ˈbrʌðər/	n.	兄弟
sister	/ˈsɪstə/	/ˈsɪstər/	n.	姐妹
child	/tʃaɪld/	/tʃaɪld/	n.	孩子
friend	/frend/	/frend/	n.	朋友
student	/ˈstjuːdənt/	/ˈstuːdənt/	n.	学生
teacher	/ˈtiːtʃə/	/ˈtiːtʃər/	n.	教师
doctor	/ˈdɒktə/	/ˈdɑːktər/	n.	医生
name	/neɪm/	/neɪm/	n.	姓名
home	/həʊm/	/hoʊm/	n.	家
house	/haʊs/	/haʊs/	n.	房屋
room	/ruːm/	/ruːm/	n.	房间
door	/dɔː/	/dɔːr/	n.	门
window	/ˈwɪndəʊ/	/ˈwɪndoʊ/	n.	窗户
table	/ˈteɪbəl/	/ˈteɪbəl/	n.	桌子
chair	/tʃeə/	/tʃer/	n.	椅子
bed	/bed/	/bed/	n.	床
book	/bʊk/	/bʊk/	n.	书
pen	/pen/	/pen/	n.	钢笔
pencil	/ˈpensəl/	/ˈpensəl/	n.	铅笔
paper	/ˈpeɪpə/	/ˈpeɪpər/	n.	纸
bag	/bæɡ/	/bæɡ/	n.	包
box	/bɒks/	/bɑːks/	n.	盒子
phone	/fəʊn/	/foʊn/	n.	电话
computer	/kəmˈpjuːtə/	/kəmˈpjuːtər/	n.	计算机
clock	/klɒk/	/klɑːk/	n.	时钟
picture	/ˈpɪktʃə/	/ˈpɪktʃər/	n.	图片
map	/mæp/	/mæp/	n.	地图
key	/kiː/	/kiː/	n.	钥匙
cup	/kʌp/	/kʌp/	n.	杯子
bottle	/ˈbɒtəl/	/ˈbɑːtəl/	n.	瓶子
plate	/pleɪt/	/pleɪt/	n.	盘子
spoon	/spuːn/	/spuːn/	n.	勺子
knife	/naɪf/	/naɪf/	n.	刀
clothes	/kləʊðz/	/kloʊðz/	n.	衣服
shirt	/ʃɜːt/	/ʃɜːrt/	n.	衬衫
coat	/kəʊt/	/koʊt/	n.	外套
shoe	/ʃuː/	/ʃuː/	n.	鞋
hat	/hæt/	/hæt/	n.	帽子
money	/ˈmʌni/	/ˈmʌni/	n.	钱
shop	/ʃɒp/	/ʃɑːp/	n.	商店
market	/ˈmɑːkɪt/	/ˈmɑːrkɪt/	n.	市场
street	/striːt/	/striːt/	n.	街道
city	/ˈsɪti/	/ˈsɪti/	n.	城市
country	/ˈkʌntri/	/ˈkʌntri/	n.	国家
world	/wɜːld/	/wɜːrld/	n.	世界

# 051-100: food, nature, and animals
food	/fuːd/	/fuːd/	n.	食物
water	/ˈwɔːtə/	/ˈwɔːtər/	n.	水
bread	/bred/	/bred/	n.	面包
rice	/raɪs/	/raɪs/	n.	米饭
milk	/mɪlk/	/mɪlk/	n.	牛奶
egg	/eɡ/	/eɡ/	n.	鸡蛋
meat	/miːt/	/miːt/	n.	肉
fish	/fɪʃ/	/fɪʃ/	n.	鱼
fruit	/fruːt/	/fruːt/	n.	水果
apple	/ˈæpəl/	/ˈæpəl/	n.	苹果
banana	/bəˈnɑːnə/	/bəˈnænə/	n.	香蕉
orange	/ˈɒrɪndʒ/	/ˈɔːrɪndʒ/	n.	橙子
vegetable	/ˈvedʒtəbəl/	/ˈvedʒtəbəl/	n.	蔬菜
potato	/pəˈteɪtəʊ/	/pəˈteɪtoʊ/	n.	土豆
tomato	/təˈmɑːtəʊ/	/təˈmeɪtoʊ/	n.	番茄
sugar	/ˈʃʊɡə/	/ˈʃʊɡər/	n.	糖
salt	/sɔːlt/	/sɔːlt/	n.	盐
tea	/tiː/	/tiː/	n.	茶
coffee	/ˈkɒfi/	/ˈkɔːfi/	n.	咖啡
breakfast	/ˈbrekfəst/	/ˈbrekfəst/	n.	早餐
lunch	/lʌntʃ/	/lʌntʃ/	n.	午餐
dinner	/ˈdɪnə/	/ˈdɪnər/	n.	晚餐
sun	/sʌn/	/sʌn/	n.	太阳
moon	/muːn/	/muːn/	n.	月亮
star	/stɑː/	/stɑːr/	n.	星星
sky	/skaɪ/	/skaɪ/	n.	天空
cloud	/klaʊd/	/klaʊd/	n.	云
rain	/reɪn/	/reɪn/	n.	雨
snow	/snəʊ/	/snoʊ/	n.	雪
wind	/wɪnd/	/wɪnd/	n.	风
tree	/triː/	/triː/	n.	树
flower	/ˈflaʊə/	/ˈflaʊər/	n.	花
grass	/ɡrɑːs/	/ɡræs/	n.	草
river	/ˈrɪvə/	/ˈrɪvər/	n.	河流
sea	/siː/	/siː/	n.	海
mountain	/ˈmaʊntɪn/	/ˈmaʊntən/	n.	山
animal	/ˈænɪməl/	/ˈænɪməl/	n.	动物
dog	/dɒɡ/	/dɔːɡ/	n.	狗
cat	/kæt/	/kæt/	n.	猫
bird	/bɜːd/	/bɜːrd/	n.	鸟
horse	/hɔːs/	/hɔːrs/	n.	马
cow	/kaʊ/	/kaʊ/	n.	牛
sheep	/ʃiːp/	/ʃiːp/	n.	羊
chicken	/ˈtʃɪkɪn/	/ˈtʃɪkɪn/	n.	鸡
duck	/dʌk/	/dʌk/	n.	鸭
rabbit	/ˈræbɪt/	/ˈræbɪt/	n.	兔子
mouse	/maʊs/	/maʊs/	n.	老鼠
insect	/ˈɪnsekt/	/ˈɪnsekt/	n.	昆虫
farm	/fɑːm/	/fɑːrm/	n.	农场
garden	/ˈɡɑːdən/	/ˈɡɑːrdən/	n.	花园

# 101-150: time, school, travel, and places
time	/taɪm/	/taɪm/	n.	时间
day	/deɪ/	/deɪ/	n.	一天
week	/wiːk/	/wiːk/	n.	星期
month	/mʌnθ/	/mʌnθ/	n.	月份
year	/jɪə/	/jɪr/	n.	年
today	/təˈdeɪ/	/təˈdeɪ/	n.	今天
tomorrow	/təˈmɒrəʊ/	/təˈmɑːroʊ/	n.	明天
yesterday	/ˈjestədeɪ/	/ˈjestərdeɪ/	n.	昨天
morning	/ˈmɔːnɪŋ/	/ˈmɔːrnɪŋ/	n.	早晨
afternoon	/ˌɑːftəˈnuːn/	/ˌæftərˈnuːn/	n.	下午
evening	/ˈiːvnɪŋ/	/ˈiːvnɪŋ/	n.	晚上
night	/naɪt/	/naɪt/	n.	夜晚
hour	/ˈaʊə/	/ˈaʊər/	n.	小时
minute	/ˈmɪnɪt/	/ˈmɪnɪt/	n.	分钟
school	/skuːl/	/skuːl/	n.	学校
class	/klɑːs/	/klæs/	n.	班级或课堂
lesson	/ˈlesən/	/ˈlesən/	n.	课程
subject	/ˈsʌbdʒɪkt/	/ˈsʌbdʒɪkt/	n.	学科
question	/ˈkwestʃən/	/ˈkwestʃən/	n.	问题
answer	/ˈɑːnsə/	/ˈænsər/	n.	答案
word	/wɜːd/	/wɜːrd/	n.	单词
sentence	/ˈsentəns/	/ˈsentəns/	n.	句子
language	/ˈlæŋɡwɪdʒ/	/ˈlæŋɡwɪdʒ/	n.	语言
story	/ˈstɔːri/	/ˈstɔːri/	n.	故事
test	/test/	/test/	n.	测试
work	/wɜːk/	/wɜːrk/	n.	工作
office	/ˈɒfɪs/	/ˈɔːfɪs/	n.	办公室
hospital	/ˈhɒspɪtəl/	/ˈhɑːspɪtəl/	n.	医院
station	/ˈsteɪʃən/	/ˈsteɪʃən/	n.	车站
airport	/ˈeəpɔːt/	/ˈerpɔːrt/	n.	机场
hotel	/həʊˈtel/	/hoʊˈtel/	n.	酒店
restaurant	/ˈrestrɒnt/	/ˈrestərɑːnt/	n.	餐馆
library	/ˈlaɪbrəri/	/ˈlaɪbreri/	n.	图书馆
park	/pɑːk/	/pɑːrk/	n.	公园
bank	/bæŋk/	/bæŋk/	n.	银行
road	/rəʊd/	/roʊd/	n.	道路
car	/kɑː/	/kɑːr/	n.	汽车
bus	/bʌs/	/bʌs/	n.	公共汽车
train	/treɪn/	/treɪn/	n.	火车
plane	/pleɪn/	/pleɪn/	n.	飞机
bicycle	/ˈbaɪsɪkəl/	/ˈbaɪsɪkəl/	n.	自行车
boat	/bəʊt/	/boʊt/	n.	船
ticket	/ˈtɪkɪt/	/ˈtɪkɪt/	n.	票
trip	/trɪp/	/trɪp/	n.	旅行
journey	/ˈdʒɜːni/	/ˈdʒɜːrni/	n.	旅程
place	/pleɪs/	/pleɪs/	n.	地方
way	/weɪ/	/weɪ/	n.	道路或方式
left	/left/	/left/	adj.	左边的
right	/raɪt/	/raɪt/	adj.	右边的
centre	/ˈsentə/	/ˈsentər/	n.	中心

# 151-200: common actions
be	/biː/	/biː/	v.	是或存在
have	/hæv/	/hæv/	v.	拥有
do	/duː/	/duː/	v.	做
say	/seɪ/	/seɪ/	v.	说
tell	/tel/	/tel/	v.	告诉
speak	/spiːk/	/spiːk/	v.	说话
ask	/ɑːsk/	/æsk/	v.	询问
know	/nəʊ/	/noʊ/	v.	知道
think	/θɪŋk/	/θɪŋk/	v.	思考
understand	/ˌʌndəˈstænd/	/ˌʌndərˈstænd/	v.	理解
learn	/lɜːn/	/lɜːrn/	v.	学习
teach	/tiːtʃ/	/tiːtʃ/	v.	教授
read	/riːd/	/riːd/	v.	阅读
write	/raɪt/	/raɪt/	v.	书写
listen	/ˈlɪsən/	/ˈlɪsən/	v.	听
hear	/hɪə/	/hɪr/	v.	听见
see	/siː/	/siː/	v.	看见
look	/lʊk/	/lʊk/	v.	看
watch	/wɒtʃ/	/wɑːtʃ/	v.	观看
find	/faɪnd/	/faɪnd/	v.	找到
give	/ɡɪv/	/ɡɪv/	v.	给予
take	/teɪk/	/teɪk/	v.	拿取
bring	/brɪŋ/	/brɪŋ/	v.	带来
buy	/baɪ/	/baɪ/	v.	购买
pay	/peɪ/	/peɪ/	v.	支付
use	/juːz/	/juːz/	v.	使用
make	/meɪk/	/meɪk/	v.	制作
open	/ˈəʊpən/	/ˈoʊpən/	v.	打开
close	/kləʊz/	/kloʊz/	v.	关闭
start	/stɑːt/	/stɑːrt/	v.	开始
finish	/ˈfɪnɪʃ/	/ˈfɪnɪʃ/	v.	完成
help	/help/	/help/	v.	帮助
try	/traɪ/	/traɪ/	v.	尝试
need	/niːd/	/niːd/	v.	需要
want	/wɒnt/	/wɑːnt/	v.	想要
like	/laɪk/	/laɪk/	v.	喜欢
love	/lʌv/	/lʌv/	v.	爱
live	/lɪv/	/lɪv/	v.	居住
go	/ɡəʊ/	/ɡoʊ/	v.	去
come	/kʌm/	/kʌm/	v.	来
walk	/wɔːk/	/wɔːk/	v.	步行
run	/rʌn/	/rʌn/	v.	跑
sit	/sɪt/	/sɪt/	v.	坐
stand	/stænd/	/stænd/	v.	站立
sleep	/sliːp/	/sliːp/	v.	睡觉
wake	/weɪk/	/weɪk/	v.	醒来
eat	/iːt/	/iːt/	v.	吃
drink	/drɪŋk/	/drɪŋk/	v.	喝
cook	/kʊk/	/kʊk/	v.	烹饪
play	/pleɪ/	/pleɪ/	v.	玩耍

# 201-250: qualities, colours, and quantities
good	/ɡʊd/	/ɡʊd/	adj.	好的
bad	/bæd/	/bæd/	adj.	坏的
big	/bɪɡ/	/bɪɡ/	adj.	大的
small	/smɔːl/	/smɔːl/	adj.	小的
long	/lɒŋ/	/lɔːŋ/	adj.	长的
short	/ʃɔːt/	/ʃɔːrt/	adj.	短的
high	/haɪ/	/haɪ/	adj.	高的
low	/ləʊ/	/loʊ/	adj.	低的
old	/əʊld/	/oʊld/	adj.	年老的或旧的
young	/jʌŋ/	/jʌŋ/	adj.	年轻的
new	/njuː/	/nuː/	adj.	新的
early	/ˈɜːli/	/ˈɜːrli/	adj.	早的
late	/leɪt/	/leɪt/	adj.	迟的
fast	/fɑːst/	/fæst/	adj.	快速的
slow	/sləʊ/	/sloʊ/	adj.	缓慢的
hot	/hɒt/	/hɑːt/	adj.	热的
cold	/kəʊld/	/koʊld/	adj.	冷的
warm	/wɔːm/	/wɔːrm/	adj.	温暖的
cool	/kuːl/	/kuːl/	adj.	凉爽的
easy	/ˈiːzi/	/ˈiːzi/	adj.	容易的
difficult	/ˈdɪfɪkəlt/	/ˈdɪfɪkəlt/	adj.	困难的
happy	/ˈhæpi/	/ˈhæpi/	adj.	快乐的
sad	/sæd/	/sæd/	adj.	悲伤的
angry	/ˈæŋɡri/	/ˈæŋɡri/	adj.	生气的
tired	/ˈtaɪəd/	/ˈtaɪərd/	adj.	疲倦的
busy	/ˈbɪzi/	/ˈbɪzi/	adj.	忙碌的
free	/friː/	/friː/	adj.	空闲的或免费的
clean	/kliːn/	/kliːn/	adj.	干净的
dirty	/ˈdɜːti/	/ˈdɜːrti/	adj.	脏的
strong	/strɒŋ/	/strɔːŋ/	adj.	强壮的
weak	/wiːk/	/wiːk/	adj.	虚弱的
beautiful	/ˈbjuːtɪfəl/	/ˈbjuːtɪfəl/	adj.	美丽的
important	/ɪmˈpɔːtənt/	/ɪmˈpɔːrtənt/	adj.	重要的
different	/ˈdɪfrənt/	/ˈdɪfrənt/	adj.	不同的
same	/seɪm/	/seɪm/	adj.	相同的
red	/red/	/red/	adj.	红色的
blue	/bluː/	/bluː/	adj.	蓝色的
green	/ɡriːn/	/ɡriːn/	adj.	绿色的
yellow	/ˈjeləʊ/	/ˈjeloʊ/	adj.	黄色的
black	/blæk/	/blæk/	adj.	黑色的
white	/waɪt/	/waɪt/	adj.	白色的
one	/wʌn/	/wʌn/	num.	一
two	/tuː/	/tuː/	num.	二
three	/θriː/	/θriː/	num.	三
four	/fɔː/	/fɔːr/	num.	四
five	/faɪv/	/faɪv/	num.	五
ten	/ten/	/ten/	num.	十
hundred	/ˈhʌndrəd/	/ˈhʌndrəd/	num.	一百
many	/ˈmeni/	/ˈmeni/	adj.	许多的
few	/fjuː/	/fjuː/	adj.	少数的

# 251-300: useful function words and concepts
all	/ɔːl/	/ɔːl/	det.	全部
some	/sʌm/	/sʌm/	det.	一些
more	/mɔː/	/mɔːr/	det.	更多
most	/məʊst/	/moʊst/	det.	大多数
first	/fɜːst/	/fɜːrst/	adj.	第一的
last	/lɑːst/	/læst/	adj.	最后的
next	/nekst/	/nekst/	adj.	下一个的
other	/ˈʌðə/	/ˈʌðər/	adj.	其他的
each	/iːtʃ/	/iːtʃ/	det.	每个
every	/ˈevri/	/ˈevri/	det.	每一个
this	/ðɪs/	/ðɪs/	pron.	这个
that	/ðæt/	/ðæt/	pron.	那个
these	/ðiːz/	/ðiːz/	pron.	这些
those	/ðəʊz/	/ðoʊz/	pron.	那些
who	/huː/	/huː/	pron.	谁
what	/wɒt/	/wʌt/	pron.	什么
when	/wen/	/wen/	adv.	什么时候
where	/weə/	/wer/	adv.	在哪里
why	/waɪ/	/waɪ/	adv.	为什么
how	/haʊ/	/haʊ/	adv.	如何
here	/hɪə/	/hɪr/	adv.	这里
there	/ðeə/	/ðer/	adv.	那里
now	/naʊ/	/naʊ/	adv.	现在
always	/ˈɔːlweɪz/	/ˈɔːlweɪz/	adv.	总是
often	/ˈɒfən/	/ˈɔːfən/	adv.	经常
sometimes	/ˈsʌmtaɪmz/	/ˈsʌmtaɪmz/	adv.	有时
never	/ˈnevə/	/ˈnevər/	adv.	从不
again	/əˈɡen/	/əˈɡen/	adv.	再次
together	/təˈɡeðə/	/təˈɡeðər/	adv.	一起
very	/ˈveri/	/ˈveri/	adv.	非常
well	/wel/	/wel/	adv.	好地
only	/ˈəʊnli/	/ˈoʊnli/	adv.	仅仅
also	/ˈɔːlsəʊ/	/ˈɔːlsoʊ/	adv.	也
because	/bɪˈkɒz/	/bɪˈkɔːz/	conj.	因为
but	/bʌt/	/bʌt/	conj.	但是
and	/ænd/	/ænd/	conj.	和
or	/ɔː/	/ɔːr/	conj.	或者
if	/ɪf/	/ɪf/	conj.	如果
with	/wɪð/	/wɪð/	prep.	和或带有
without	/wɪˈðaʊt/	/wɪˈðaʊt/	prep.	没有
before	/bɪˈfɔː/	/bɪˈfɔːr/	prep.	在……之前
after	/ˈɑːftə/	/ˈæftər/	prep.	在……之后
between	/bɪˈtwiːn/	/bɪˈtwiːn/	prep.	在……之间
under	/ˈʌndə/	/ˈʌndər/	prep.	在……下面
above	/əˈbʌv/	/əˈbʌv/	prep.	在……上方
inside	/ˌɪnˈsaɪd/	/ˌɪnˈsaɪd/	prep.	在……里面
outside	/ˌaʊtˈsaɪd/	/ˌaʊtˈsaɪd/	prep.	在……外面
life	/laɪf/	/laɪf/	n.	生活或生命
idea	/aɪˈdɪə/	/aɪˈdiːə/	n.	想法
change	/tʃeɪndʒ/	/tʃeɪndʒ/	n.	变化
